<?xml version="1.0" encoding="UTF-8"?>
<user-info>
	<user1>
		<name>Sachin Kumar Rana</name>
		<type>Developer</type>
		<email>sachin.rana@gmail.com</email>	
	</user1>
	
	<user2>
		<name>Yash Bhansali</name>
		<type>Developer</type>
		<email>yash.bhansali@gmail.com</email>	
	</user2>
	
	<user3>
		<name>Kaushal Nerkar</name>
		<type>Manager</type>
		<email>kaushal.nerkar@gmail.com</email>	
	</user3>
	
	<user4>
		<name>Anurag Kallurwar</name>
		<type>Developer</type>
		<email>anurag.kallurwar@gmail.com</email>	
	</user4>
	
	<user5>
		<name>Riya Khurana</name>
		<type>Tester</type>
		<email>riya.khurana@gmail.com</email>	
	</user5>
	
	<user5>
		<name>Abhay Singh</name>
		<type>Tester</type>
		<email>abhay.singh@gmail.com</email>	
	</user5>
	
	<user6>
		<name>KK Menon</name>
		<type>Manager</type>
		<email>kk.menon@gmail.com</email>
	</user6>
	
	<user7>
		<name> GG BET</name>
		<type>Tester</type>
		<email>gg.bet@gmail.com</email>
	</user7>
	
	
	
	
	
	
	
	
	
	
	
	
	
	
	
	
	
	

</user-info>